Result,total,type
L,-19.2,eFG
L,-11.8,eFG
W,-2.5,eFG
W,19.6,eFG
W,18.3,eFG
L,-5.8,eFG
W,0,eFG
L,-14,eFG
W,32.4,eFG
W,1.9,eFG
L,-13.8,eFG
W,-1,eFG
L,-3.1,eFG
W,8.4,eFG
W,5.9,eFG
W,-0.8,eFG
L,-4.4,eFG
W,-11.9,eFG
W,4.5,eFG
W,-16.7,eFG
L,-11,eFG
L,-7.4,eFG
W,4.2,eFG
W,-3.7,eFG
L,-3.6,eFG
L,-7,eFG
W,5.9,eFG
W,12,eFG
W,-4.5,eFG
L,-17.5,eFG
W,15.6,eFG
L,-12.9,eFG
W,3,eFG
W,11,eFG
W,-3.2,eFG
L,-8.9,eFG
L,-4.7,eFG
L,0.2,eFG
L,-16.8,eFG
L,9.4,eFG
L,-10.2,eFG
L,-13.4,eFG
W,5.4,eFG
W,18.7,eFG
L,1.5,eFG
L,-9.3,eFG
L,-5.2,eFG
L,-7.8,eFG
L,-16.3,eFG
W,-3.5,eFG
W,1.5,eFG
L,-16.3,eFG
L,-7.2,eFG
L,-0.8,eFG
L,-22.3,eFG
W,2.5,eFG
L,-15.5,eFG
W,-1.9,eFG
W,3.6,eFG
W,9.7,eFG
W,4.9,eFG
W,12.3,eFG
L,-18.9,eFG
W,12.1,eFG
W,-2.3,eFG
L,-9,eFG
W,2.3,eFG
W,8.9,eFG
W,3.8,eFG
W,-2.8,eFG
W,-12.4,eFG
W,9.4,eFG
W,11.7,eFG
W,39.6,eFG
L,-23.3,eFG
W,-0.6,eFG
W,7.4,eFG
W,-3.6,eFG
W,21.5,eFG
W,10.8,eFG
W,5.2,eFG
W,-2.9,eFG
L,-24.9,eFG
W,5.1,eFG
W,17.7,eFG
W,0.5,eFG
W,13.6,eFG
L,-1.6,eFG
W,7.7,eFG
W,11.4,eFG
L,-22.9,eFG
W,4.5,eFG
L,-9.8,eFG
W,18.2,eFG
W,19.7,eFG
W,8,eFG
W,14.3,eFG
W,11.6,eFG
L,-22.8,eFG
W,17.8,eFG
L,0,eFG
W,-1.9,eFG
W,3.7,eFG
W,11,eFG
L,-9.5,eFG
L,2.1,eFG
W,0.8,eFG
W,6,eFG
W,11.8,eFG
W,0.4,eFG
W,-9.5,eFG
W,12.6,eFG
L,1.6,eFG
L,1,eFG
L,-6.3,eFG
W,-6.3,eFG
W,7.7,eFG
W,5.1,eFG
W,7.4,eFG
L,-15.8,eFG
L,-11.4,eFG
W,-3.5,eFG
W,8.7,eFG
L,-6.5,eFG
W,3.8,eFG
W,26.6,eFG
W,24.9,eFG
W,-0.9,eFG
W,10.5,eFG
L,-23.7,eFG
W,11.8,eFG
W,7.8,eFG
W,9.1,eFG
W,-3.3,eFG
W,1.2,eFG
W,-2.3,eFG
W,-1.4,eFG
W,2.2,eFG
W,12.3,eFG
W,-7.9,eFG
W,13.5,eFG
L,-15.8,eFG
W,18.8,eFG
W,4.3,eFG
L,-1.1,eFG
W,5.1,eFG
W,-5.7,eFG
W,23,eFG
W,8.8,eFG
L,-8.3,eFG
W,1.4,eFG
W,-9.8,eFG
L,-6.5,eFG
W,-0.9,eFG
W,-4.3,eFG
W,4.1,eFG
W,-5,eFG
W,6.3,eFG
W,14.9,eFG
W,-2.4,eFG
L,-7.5,eFG
W,8.6,eFG
W,18.1,eFG
L,-0.9,eFG
W,-13.5,eFG
W,-1.6,eFG
W,23.7,eFG
L,-11.5,eFG
W,6.3,eFG
W,23.8,eFG
W,18.5,eFG
W,4.5,eFG
W,16.6,eFG
W,13.1,eFG
W,12.7,eFG
L,-15.1,eFG
W,9.9,eFG
W,1.1,eFG
W,8.9,eFG
W,10.3,eFG
W,2.5,eFG
W,11.4,eFG
W,12.8,eFG
W,15.2,eFG
W,-8.6,eFG
W,0.1,eFG
L,6.8,eFG
W,8.5,eFG
W,12.9,eFG
L,-3.3,eFG
W,22.7,eFG
W,7.6,eFG
L,13.8,eFG
L,-10.4,eFG
W,4.3,eFG
W,-8.1,eFG
W,-1.4,eFG
W,-1.9,eFG
W,4.9,eFG
W,5.5,eFG
W,4.8,eFG
W,7.7,eFG
W,8.2,eFG
W,-1.5,eFG
W,2.7,eFG
W,6.1,eFG
L,1.5,eFG
W,15.7,eFG
W,-0.5,eFG
W,4.8,eFG
W,-0.2,eFG
L,-2.7,eFG
W,4.2,eFG
W,13,eFG
W,10,eFG
L,0.9,eFG
W,5.2,eFG
W,17.5,eFG
L,-6.3,eFG
W,14.1,eFG
W,8.5,eFG
W,9.7,eFG
L,1.8,eFG
W,24.2,eFG
W,1.8,eFG
L,-3.9,eFG
W,23.1,eFG
L,-11.5,eFG
L,-19.4,eFG
W,8.7,eFG
L,-8,eFG
L,8.3,eFG
W,15.6,eFG
W,-0.8,eFG
W,17.1,eFG
W,3,eFG
W,12.5,eFG
W,-5.5,eFG
L,-16,eFG
W,14.4,eFG
W,13.1,eFG
W,22.8,eFG
W,5.2,eFG
W,11.4,eFG
L,-13.5,eFG
W,24.5,eFG
L,-4.6,eFG
W,13.3,eFG
W,8,eFG
L,5.3,eFG
W,11,eFG
W,12.5,eFG
W,9.3,eFG
L,-0.1,eFG
W,-7.3,eFG
L,-12.4,eFG
L,6.5,eFG
W,-4.8,eFG
W,3.1,eFG
W,-1.6,eFG
W,11.9,eFG
W,2.3,eFG
W,6.5,eFG
W,5.4,eFG
W,-4.2,eFG
W,10.3,eFG
W,0.4,eFG
W,2.9,eFG
W,22.9,eFG
L,-11.2,eFG
W,1.2,eFG
L,2.9,eFG
L,-12.4,eFG
L,-10,eFG
W,21,eFG
W,15.8,eFG
W,-1.4,eFG
L,-0.4,eFG
W,5.6,eFG
W,5.3,eFG
W,4.7,eFG
L,10.5,eFG
W,9.8,eFG
W,-0.1,eFG
L,-9.4,eFG
W,6.5,eFG
W,20.9,eFG
L,-14,eFG
W,12.7,eFG
L,-5.2,eFG
W,2.5,eFG
W,9.1,eFG
L,-25.5,eFG
W,9.3,eFG
W,23.1,eFG
W,11.4,eFG
W,2.4,eFG
W,-4.1,eFG
W,-9.6,eFG
L,-8.3,eFG
L,-24.4,eFG
W,13.4,eFG
W,-0.5,eFG
W,3.1,eFG
L,-2.5,eFG
W,8.4,eFG
W,-1.4,eFG
W,-4,eFG
L,-10.7,eFG
L,-10.9,eFG
W,1.1,eFG
W,18.4,eFG
L,-11,eFG
W,6,eFG
W,10.5,eFG
W,10,eFG
L,-11.6,eFG
W,23.2,eFG
L,-10.1,eFG
W,27,eFG
W,6.8,eFG
W,12.7,eFG
W,1.7,eFG
L,-3.9,eFG
W,4.5,eFG
W,9.8,eFG
W,3.3,eFG
L,-25.8,eFG
W,1.7,eFG
W,11.4,eFG
W,11.6,eFG
W,2.5,eFG
W,-4.7,eFG
W,16,eFG
W,10.2,eFG
W,-3.4,eFG
W,-3.1,eFG
L,-4.8,eFG
W,2.8,eFG
W,2.3,eFG
W,10.1,eFG
W,7.6,eFG
W,2.2,eFG
L,-17.4,eFG
W,1.9,eFG
W,0.8,eFG
W,14.8,eFG
W,12.2,eFG
W,5.5,eFG
W,13,eFG
W,6.8,eFG
W,3.8,eFG
W,23.5,eFG
L,3.2,eFG
W,3.4,eFG
L,-7.3,eFG
W,2.2,eFG
W,23.3,eFG
W,5.5,eFG
W,15.1,eFG
W,19.1,eFG
L,-12.9,eFG
W,7.2,eFG
W,-1.3,eFG
W,11.8,eFG
L,-22.3,eFG
W,-4.3,eFG
W,9.8,eFG
W,15.3,eFG
W,0.2,eFG
W,1.3,eFG
W,0.8,eFG
W,5,eFG
W,-4.2,eFG
W,-2.2,eFG
L,-3,eFG
W,12.3,eFG
W,20.5,eFG
W,11.4,eFG
W,-3.5,eFG
W,7.8,eFG
L,-25.3,eFG
W,-4.8,eFG
W,-7.3,eFG
W,31.6,eFG
W,17.5,eFG
W,6.7,eFG
L,-1.6,eFG
W,7.3,eFG
W,12.1,eFG
W,-3.8,eFG
L,-6.2,eFG
W,3.9,eFG
W,8,eFG
L,-10.8,eFG
L,-8.2,eFG
W,19.6,eFG
W,8.7,eFG
L,-5.7,eFG
W,-4.3,eFG
W,9.7,eFG
W,1.4,eFG
W,-0.4,eFG
L,-12.5,eFG
L,-18.2,eFG
W,4.7,eFG
W,8.8,eFG
L,-9,eFG
L,-5,eFG
L,-15.2,eFG
W,0.3,eFG
L,0.4,eFG
L,-19,eFG
L,5.4,eFG
L,-14.8,eFG
W,11.2,eFG
L,-16.6,eFG
L,-3.7,eFG
L,-6.6,eFG
W,19.8,eFG
L,-13.3,eFG
W,5.3,eFG
W,3.3,eFG
W,14.3,eFG
L,7.3,eFG
W,10.4,eFG
L,-6,eFG
W,18,eFG
W,5.3,eFG
W,8.3,eFG
L,-19.7,eFG
W,8.2,eFG
W,9.2,eFG
W,34.5,eFG
W,16.4,eFG
W,3.6,eFG
W,13.1,eFG
W,9.6,eFG
W,8.4,eFG
W,7,eFG
W,17.6,eFG
L,-15.4,eFG
W,-1.6,eFG
W,6.5,eFG
W,1.3,eFG
W,5,eFG
L,-14.2,eFG
W,-4.6,eFG
W,0,eFG
W,5.4,eFG
W,4.1,eFG
W,12.9,eFG
W,10.5,eFG
W,-8.1,eFG
W,14.9,eFG
W,9.1,eFG
W,13.2,eFG
L,-13.3,eFG
W,23,eFG
L,-9,eFG
W,19.4,eFG
W,1,eFG
W,3.6,eFG
W,6.7,eFG
W,5.1,eFG
W,14.2,eFG
W,37.5,eFG
W,8.7,eFG
W,22.2,eFG
W,18.8,eFG
W,0.7,eFG
W,-1.4,eFG
W,3.3,eFG
L,-17.5,eFG
W,-2.2,eFG
W,14.1,eFG
W,22.1,eFG
W,17,eFG
W,3.7,eFG
W,0.2,eFG
W,-0.3,eFG
W,4.6,eFG
W,12,eFG
W,-1.5,eFG
W,8.8,eFG
W,0.6,eFG
W,25.1,eFG
W,13.7,eFG
W,-2.4,eFG
L,-12.5,eFG
W,2.4,eFG
W,6.1,eFG
W,-5.9,eFG
L,-9.2,eFG
W,-1.5,eFG
W,12.7,eFG
W,-11.5,eFG
W,-1,eFG
W,14.2,eFG
W,15.4,eFG
W,16.3,eFG
W,16.8,eFG
W,-9.1,eFG
W,4.7,eFG
W,8.7,eFG
W,-2.5,eFG
W,7.2,eFG
W,-3.6,eFG
W,13,eFG
W,14,eFG
W,4.1,eFG
W,8.2,eFG
L,-24.9,eFG
W,-6.4,eFG
W,9.1,eFG
W,17.7,eFG
W,3.1,eFG
W,10.7,eFG
W,21.5,eFG
W,3.9,eFG
L,-7.7,eFG
L,0.4,eFG
W,4,eFG
W,0,eFG
L,0.8,eFG
W,18.6,eFG
W,4.9,eFG
L,-18.2,eFG
W,23.7,eFG
W,19.8,eFG
W,24.2,eFG
W,6.9,eFG
W,17.4,eFG
L,-9.5,eFG
W,-11.6,eFG
W,12.5,eFG
W,13.7,eFG
W,23.9,eFG
W,24.6,eFG
W,10.8,eFG
W,31.2,eFG
W,13.6,eFG
W,19.5,eFG
W,-5.1,eFG
W,-2.9,eFG
W,11.7,eFG
L,-16.9,eFG
W,24,eFG
W,7.6,eFG
W,11.8,eFG
L,0.7,eFG
W,7.1,eFG
L,-12.3,eFG
W,22.5,eFG
W,1.4,eFG
W,33.3,eFG
W,16.5,eFG
W,10.9,eFG
W,7.5,eFG
W,-6.7,eFG
W,10.5,eFG
L,-12.8,eFG
W,10.1,eFG
W,15.6,eFG
W,17.1,eFG
L,-2.3,eFG
W,11.4,eFG
L,-0.2,eFG
L,4.3,eFG
W,12.2,eFG
W,12.1,eFG
W,12.3,eFG
W,15.8,eFG
L,-15.1,eFG
W,17.8,eFG
W,5.9,eFG
W,-5.6,eFG
L,-6.6,eFG
W,4.9,eFG
W,23.4,eFG
W,1.2,eFG
W,13.5,eFG
W,15,eFG
W,-1.2,eFG
W,5.7,eFG
W,15.7,eFG
W,25.8,eFG
L,0.3,eFG
W,-4.5,eFG
W,-15.2,eFG
W,6,eFG
W,7.3,eFG
W,1.9,eFG
W,15.8,eFG
W,15.5,eFG
W,-2.3,eFG
L,1.9,eFG
W,-4.9,eFG
W,23.4,eFG
W,23.9,eFG
W,12.2,eFG
W,18.9,eFG
L,-5.3,eFG
W,8.3,eFG
W,24.4,eFG
W,19,eFG
W,16.7,eFG
W,21.1,eFG
W,9.2,eFG
W,30.5,eFG
W,21.8,eFG
W,4.2,eFG
W,5.8,eFG
W,21.7,eFG
W,-8.4,eFG
W,14.3,eFG
W,12.5,eFG
L,-14.7,eFG
L,-8.2,eFG
W,-8.6,eFG
L,-10.3,eFG
L,-10.1,eFG
W,2.3,eFG
W,22.2,eFG
L,3.9,eFG
W,-2.7,eFG
W,17.5,eFG
L,-12.3,eFG
W,-2.5,eFG
L,-1.1,eFG
L,-14.3,eFG
W,-10.4,eFG
W,3.1,eFG
L,-8,eFG
W,-3.6,eFG
L,-11.1,eFG
W,4.5,eFG
W,9.9,eFG
L,1,eFG
W,12,eFG
W,5.5,eFG
L,-3.3,eFG
W,-5.8,eFG
W,13.9,eFG
W,3.1,eFG
W,-7.6,eFG
W,4.7,eFG
W,17.6,eFG
L,-4.5,TurnoverRate
L,8.4,TurnoverRate
W,0,TurnoverRate
W,7,TurnoverRate
W,-6.2,TurnoverRate
L,-11.1,TurnoverRate
W,-5.3,TurnoverRate
L,-1.3,TurnoverRate
W,6.8,TurnoverRate
W,8.1,TurnoverRate
L,-3.4,TurnoverRate
W,-1.3,TurnoverRate
L,-15.4,TurnoverRate
W,-3,TurnoverRate
W,-2.6,TurnoverRate
W,10.4,TurnoverRate
L,4.3,TurnoverRate
W,4.3,TurnoverRate
W,-7.9,TurnoverRate
W,3.1,TurnoverRate
L,-7.2,TurnoverRate
L,-5.2,TurnoverRate
W,7.2,TurnoverRate
W,-4.2,TurnoverRate
L,-8.9,TurnoverRate
L,-4.4,TurnoverRate
W,-15.6,TurnoverRate
W,1.4,TurnoverRate
W,8.2,TurnoverRate
L,-14.1,TurnoverRate
W,-1.6,TurnoverRate
L,4.2,TurnoverRate
W,8.1,TurnoverRate
W,-1.5,TurnoverRate
W,-1.3,TurnoverRate
L,-7.8,TurnoverRate
L,-8.9,TurnoverRate
L,-4.7,TurnoverRate
L,0,TurnoverRate
L,-6.4,TurnoverRate
L,9.9,TurnoverRate
L,4.2,TurnoverRate
W,-4.4,TurnoverRate
W,-2.7,TurnoverRate
L,-5.1,TurnoverRate
L,-10.8,TurnoverRate
L,1.3,TurnoverRate
L,-5.7,TurnoverRate
L,-2.8,TurnoverRate
W,2.7,TurnoverRate
W,6.5,TurnoverRate
L,-1.2,TurnoverRate
L,-9.2,TurnoverRate
L,1.6,TurnoverRate
L,7.7,TurnoverRate
W,-9.2,TurnoverRate
L,7,TurnoverRate
W,-7.7,TurnoverRate
W,0,TurnoverRate
W,-4.1,TurnoverRate
W,3.9,TurnoverRate
W,-16.8,TurnoverRate
L,-4,TurnoverRate
W,-4.4,TurnoverRate
W,0,TurnoverRate
L,5.5,TurnoverRate
W,2.7,TurnoverRate
W,2.6,TurnoverRate
W,-4.1,TurnoverRate
W,-2.7,TurnoverRate
W,1.4,TurnoverRate
W,0,TurnoverRate
W,5.7,TurnoverRate
W,6.7,TurnoverRate
L,3.4,TurnoverRate
W,7.7,TurnoverRate
W,-7.1,TurnoverRate
W,1.4,TurnoverRate
W,1.4,TurnoverRate
W,4,TurnoverRate
W,-5.9,TurnoverRate
W,0,TurnoverRate
L,0,TurnoverRate
W,-11.8,TurnoverRate
W,5.3,TurnoverRate
W,14.4,TurnoverRate
W,-1.3,TurnoverRate
L,0,TurnoverRate
W,-10.7,TurnoverRate
W,11.8,TurnoverRate
L,-4.3,TurnoverRate
W,9.5,TurnoverRate
L,-3.8,TurnoverRate
W,-1.2,TurnoverRate
W,10.9,TurnoverRate
W,3.8,TurnoverRate
W,9.5,TurnoverRate
W,-8.6,TurnoverRate
L,10.3,TurnoverRate
W,-6.5,TurnoverRate
L,-8.5,TurnoverRate
W,6.9,TurnoverRate
W,0,TurnoverRate
W,1.5,TurnoverRate
L,0,TurnoverRate
L,-4.4,TurnoverRate
W,3.1,TurnoverRate
W,1.3,TurnoverRate
W,0,TurnoverRate
W,-10.1,TurnoverRate
W,9.2,TurnoverRate
W,6.8,TurnoverRate
L,-1.4,TurnoverRate
L,-6.2,TurnoverRate
L,-5.9,TurnoverRate
W,1.4,TurnoverRate
W,1.4,TurnoverRate
W,6.3,TurnoverRate
W,-4.6,TurnoverRate
L,-13.6,TurnoverRate
L,11,TurnoverRate
W,-6.8,TurnoverRate
W,-3.8,TurnoverRate
L,-5.2,TurnoverRate
W,-4.2,TurnoverRate
W,-2.5,TurnoverRate
W,-6.6,TurnoverRate
W,-5.6,TurnoverRate
W,-2.9,TurnoverRate
L,11.1,TurnoverRate
W,-6.5,TurnoverRate
W,1.2,TurnoverRate
W,6.1,TurnoverRate
W,0,TurnoverRate
W,10,TurnoverRate
W,13.6,TurnoverRate
W,6.6,TurnoverRate
W,-9.6,TurnoverRate
W,-1.3,TurnoverRate
W,2.7,TurnoverRate
W,3.9,TurnoverRate
L,1.3,TurnoverRate
W,6.2,TurnoverRate
W,-1.3,TurnoverRate
L,-18.4,TurnoverRate
W,6.2,TurnoverRate
W,5.5,TurnoverRate
W,-5,TurnoverRate
W,8.3,TurnoverRate
L,7.4,TurnoverRate
W,-3,TurnoverRate
W,3.3,TurnoverRate
L,-5.7,TurnoverRate
W,4.6,TurnoverRate
W,4,TurnoverRate
W,5.9,TurnoverRate
W,0,TurnoverRate
W,0,TurnoverRate
W,16.5,TurnoverRate
W,-7.6,TurnoverRate
L,-5.1,TurnoverRate
W,-2.3,TurnoverRate
W,18.2,TurnoverRate
L,1.3,TurnoverRate
W,8.4,TurnoverRate
W,2.6,TurnoverRate
W,7.8,TurnoverRate
L,5.5,TurnoverRate
W,-1.5,TurnoverRate
W,-2.6,TurnoverRate
W,5.3,TurnoverRate
W,-2.8,TurnoverRate
W,1.3,TurnoverRate
W,14,TurnoverRate
W,-1.3,TurnoverRate
L,-1.5,TurnoverRate
W,-3,TurnoverRate
W,1.8,TurnoverRate
W,4.2,TurnoverRate
W,-5.7,TurnoverRate
W,10.1,TurnoverRate
W,0,TurnoverRate
W,10.2,TurnoverRate
W,3,TurnoverRate
W,-11.2,TurnoverRate
W,2.9,TurnoverRate
L,-7.6,TurnoverRate
W,3,TurnoverRate
W,2.9,TurnoverRate
L,-4.3,TurnoverRate
W,11.1,TurnoverRate
W,1.5,TurnoverRate
L,-16.6,TurnoverRate
L,-1.4,TurnoverRate
W,15.8,TurnoverRate
W,9.6,TurnoverRate
W,11.2,TurnoverRate
W,14.6,TurnoverRate
W,5.8,TurnoverRate
W,-2.2,TurnoverRate
W,-2.7,TurnoverRate
W,1.5,TurnoverRate
W,7.3,TurnoverRate
W,10.8,TurnoverRate
W,12.4,TurnoverRate
W,5.6,TurnoverRate
L,3.1,TurnoverRate
W,-1.3,TurnoverRate
W,9,TurnoverRate
W,0,TurnoverRate
W,4.5,TurnoverRate
L,-9,TurnoverRate
W,4.2,TurnoverRate
W,11.8,TurnoverRate
W,-1.5,TurnoverRate
L,1.7,TurnoverRate
W,6.4,TurnoverRate
W,-16.7,TurnoverRate
L,0,TurnoverRate
W,-7.5,TurnoverRate
W,1.4,TurnoverRate
W,-1.5,TurnoverRate
L,-8.7,TurnoverRate
W,10.1,TurnoverRate
W,-2.9,TurnoverRate
L,-5,TurnoverRate
W,4.5,TurnoverRate
L,5.9,TurnoverRate
L,1.6,TurnoverRate
W,-4.5,TurnoverRate
L,-7.8,TurnoverRate
L,-10.7,TurnoverRate
W,-11.3,TurnoverRate
W,7.5,TurnoverRate
W,2.7,TurnoverRate
W,-4.4,TurnoverRate
W,-4.3,TurnoverRate
W,-1.5,TurnoverRate
L,1.6,TurnoverRate
W,3.3,TurnoverRate
W,1.4,TurnoverRate
W,0,TurnoverRate
W,-6.4,TurnoverRate
W,-5.7,TurnoverRate
L,-6,TurnoverRate
W,2.6,TurnoverRate
L,3.2,TurnoverRate
W,-4.3,TurnoverRate
W,16.2,TurnoverRate
L,0,TurnoverRate
W,1.4,TurnoverRate
W,13.4,TurnoverRate
W,0,TurnoverRate
L,2.5,TurnoverRate
W,1.6,TurnoverRate
L,4,TurnoverRate
L,0,TurnoverRate
W,4.7,TurnoverRate
W,8.4,TurnoverRate
W,-2.7,TurnoverRate
W,5.5,TurnoverRate
W,-1.4,TurnoverRate
W,-1.5,TurnoverRate
W,1.5,TurnoverRate
W,9,TurnoverRate
W,2.8,TurnoverRate
W,-1.3,TurnoverRate
W,5.8,TurnoverRate
W,-3.3,TurnoverRate
L,-4.9,TurnoverRate
W,8.5,TurnoverRate
L,-6.6,TurnoverRate
L,3,TurnoverRate
L,-5.4,TurnoverRate
W,1.5,TurnoverRate
W,-8.3,TurnoverRate
W,7.9,TurnoverRate
L,5,TurnoverRate
W,10.8,TurnoverRate
W,11.8,TurnoverRate
W,1.4,TurnoverRate
L,4.5,TurnoverRate
W,0,TurnoverRate
W,4.2,TurnoverRate
L,4.1,TurnoverRate
W,9.9,TurnoverRate
W,-5.6,TurnoverRate
L,15.2,TurnoverRate
W,-1.4,TurnoverRate
L,-1.6,TurnoverRate
W,4.2,TurnoverRate
W,16.6,TurnoverRate
L,6.5,TurnoverRate
W,2.9,TurnoverRate
W,6,TurnoverRate
W,9.5,TurnoverRate
W,9.9,TurnoverRate
W,14,TurnoverRate
W,10.1,TurnoverRate
L,5.7,TurnoverRate
L,2.9,TurnoverRate
W,9,TurnoverRate
W,2.8,TurnoverRate
W,1.5,TurnoverRate
L,2.5,TurnoverRate
W,6.2,TurnoverRate
W,12.8,TurnoverRate
W,-6.5,TurnoverRate
L,1.6,TurnoverRate
L,-1.5,TurnoverRate
W,7,TurnoverRate
W,-5.3,TurnoverRate
L,-6.2,TurnoverRate
W,-2.5,TurnoverRate
W,10.3,TurnoverRate
W,-2.2,TurnoverRate
L,-2.7,TurnoverRate
W,13.5,TurnoverRate
L,4.1,TurnoverRate
W,11.9,TurnoverRate
W,1.4,TurnoverRate
W,0,TurnoverRate
W,5.3,TurnoverRate
L,-2.8,TurnoverRate
W,-13.8,TurnoverRate
W,0,TurnoverRate
W,12.5,TurnoverRate
L,11.3,TurnoverRate
W,1.3,TurnoverRate
W,4.1,TurnoverRate
W,-8.5,TurnoverRate
W,13.1,TurnoverRate
W,-11.4,TurnoverRate
W,-7.5,TurnoverRate
W,4.5,TurnoverRate
W,9.5,TurnoverRate
W,6.1,TurnoverRate
L,1.4,TurnoverRate
W,-1.3,TurnoverRate
W,7.4,TurnoverRate
W,6.7,TurnoverRate
W,2.8,TurnoverRate
W,-8.7,TurnoverRate
L,-6.6,TurnoverRate
W,7,TurnoverRate
W,12.1,TurnoverRate
W,-1.2,TurnoverRate
W,2.4,TurnoverRate
W,0,TurnoverRate
W,11.7,TurnoverRate
W,4.1,TurnoverRate
W,1.3,TurnoverRate
W,6.4,TurnoverRate
L,-6.1,TurnoverRate
W,-16.5,TurnoverRate
L,3.7,TurnoverRate
W,20.1,TurnoverRate
W,1.3,TurnoverRate
W,6.8,TurnoverRate
W,-9.1,TurnoverRate
W,1.5,TurnoverRate
L,1.4,TurnoverRate
W,15.5,TurnoverRate
W,5.5,TurnoverRate
W,-4.2,TurnoverRate
L,-5.8,TurnoverRate
W,2.6,TurnoverRate
W,-9.3,TurnoverRate
W,-1.4,TurnoverRate
W,-7.5,TurnoverRate
W,2.4,TurnoverRate
W,-1.5,TurnoverRate
W,-5.2,TurnoverRate
W,7.1,TurnoverRate
W,10,TurnoverRate
L,-1.3,TurnoverRate
W,2.7,TurnoverRate
W,9.3,TurnoverRate
W,0,TurnoverRate
W,3.2,TurnoverRate
W,2.7,TurnoverRate
L,-6.7,TurnoverRate
W,1.4,TurnoverRate
W,4.7,TurnoverRate
W,9.2,TurnoverRate
W,0,TurnoverRate
W,11.9,TurnoverRate
L,0,TurnoverRate
W,1.3,TurnoverRate
W,13.7,TurnoverRate
W,-1.3,TurnoverRate
L,-5.4,TurnoverRate
W,0,TurnoverRate
W,-13.1,TurnoverRate
L,-1.4,TurnoverRate
L,2.6,TurnoverRate
W,5.3,TurnoverRate
W,3.9,TurnoverRate
L,-5.8,TurnoverRate
W,0,TurnoverRate
W,-4.8,TurnoverRate
W,-4.5,TurnoverRate
W,8.3,TurnoverRate
L,6.2,TurnoverRate
L,-10.9,TurnoverRate
W,-12.6,TurnoverRate
W,-3.9,TurnoverRate
L,1.4,TurnoverRate
L,-4.5,TurnoverRate
L,1.3,TurnoverRate
W,3,TurnoverRate
L,-6.3,TurnoverRate
L,-1.3,TurnoverRate
L,-12.3,TurnoverRate
L,0,TurnoverRate
W,0,TurnoverRate
L,4.3,TurnoverRate
L,-5.7,TurnoverRate
L,-16.7,TurnoverRate
W,-8.5,TurnoverRate
L,-3.8,TurnoverRate
W,9.5,TurnoverRate
W,-4,TurnoverRate
W,1.2,TurnoverRate
L,-3.4,TurnoverRate
W,10.4,TurnoverRate
L,5.4,TurnoverRate
W,-7.7,TurnoverRate
W,-2.9,TurnoverRate
W,7.4,TurnoverRate
L,-4,TurnoverRate
W,-4.1,TurnoverRate
W,-7,TurnoverRate
W,1.4,TurnoverRate
W,-7.2,TurnoverRate
W,18.3,TurnoverRate
W,0,TurnoverRate
W,4.6,TurnoverRate
W,3.9,TurnoverRate
W,8.9,TurnoverRate
W,6.9,TurnoverRate
L,11,TurnoverRate
W,-3,TurnoverRate
W,0,TurnoverRate
W,4,TurnoverRate
W,3.7,TurnoverRate
L,1.3,TurnoverRate
W,8.6,TurnoverRate
W,0,TurnoverRate
W,-1.2,TurnoverRate
W,0,TurnoverRate
W,0,TurnoverRate
W,-2.9,TurnoverRate
W,-2.6,TurnoverRate
W,3.9,TurnoverRate
W,-1.3,TurnoverRate
W,1.4,TurnoverRate
L,-2.2,TurnoverRate
W,-2.4,TurnoverRate
L,-6.6,TurnoverRate
W,2.8,TurnoverRate
W,8,TurnoverRate
W,11.1,TurnoverRate
W,-2.5,TurnoverRate
W,10.2,TurnoverRate
W,14.5,TurnoverRate
W,16.8,TurnoverRate
W,0,TurnoverRate
W,-4.7,TurnoverRate
W,18.6,TurnoverRate
W,8.1,TurnoverRate
W,24.3,TurnoverRate
W,4,TurnoverRate
L,1.2,TurnoverRate
W,7.3,TurnoverRate
W,-4.6,TurnoverRate
W,3,TurnoverRate
W,6.6,TurnoverRate
W,-4.9,TurnoverRate
W,-6.9,TurnoverRate
W,7.3,TurnoverRate
W,1.3,TurnoverRate
W,-8.5,TurnoverRate
W,2.9,TurnoverRate
W,-2.6,TurnoverRate
W,10.1,TurnoverRate
W,2.6,TurnoverRate
W,-14.2,TurnoverRate
W,0,TurnoverRate
L,-6,TurnoverRate
W,-13.9,TurnoverRate
W,5,TurnoverRate
W,13.7,TurnoverRate
L,0,TurnoverRate
W,-2.7,TurnoverRate
W,5.3,TurnoverRate
W,10.2,TurnoverRate
W,-6.8,TurnoverRate
W,4.1,TurnoverRate
W,4.1,TurnoverRate
W,4.7,TurnoverRate
W,1.2,TurnoverRate
W,4.2,TurnoverRate
W,9.9,TurnoverRate
W,1.1,TurnoverRate
W,7.9,TurnoverRate
W,-1.4,TurnoverRate
W,15,TurnoverRate
W,13.4,TurnoverRate
W,15.3,TurnoverRate
W,2.4,TurnoverRate
W,-9.1,TurnoverRate
L,1.3,TurnoverRate
W,13.7,TurnoverRate
W,0,TurnoverRate
W,-8.3,TurnoverRate
W,7.4,TurnoverRate
W,-1.7,TurnoverRate
W,-2.8,TurnoverRate
W,5.4,TurnoverRate
L,1.4,TurnoverRate
L,8.9,TurnoverRate
W,5.8,TurnoverRate
W,-3,TurnoverRate
L,1.3,TurnoverRate
W,5,TurnoverRate
W,4,TurnoverRate
L,12.4,TurnoverRate
W,-5.3,TurnoverRate
W,9.8,TurnoverRate
W,0,TurnoverRate
W,0,TurnoverRate
W,-3.8,TurnoverRate
L,-7.8,TurnoverRate
W,9.5,TurnoverRate
W,1.4,TurnoverRate
W,13.3,TurnoverRate
W,0,TurnoverRate
W,10.5,TurnoverRate
W,6.3,TurnoverRate
W,11.7,TurnoverRate
W,6.5,TurnoverRate
W,-5.8,TurnoverRate
W,18.1,TurnoverRate
W,3.9,TurnoverRate
W,-15.4,TurnoverRate
L,6.5,TurnoverRate
W,0,TurnoverRate
W,0,TurnoverRate
W,3.7,TurnoverRate
L,-7.6,TurnoverRate
W,-6,TurnoverRate
L,7.1,TurnoverRate
W,-8.5,TurnoverRate
W,0,TurnoverRate
W,2.8,TurnoverRate
W,1.3,TurnoverRate
W,3.1,TurnoverRate
W,0,TurnoverRate
W,8.1,TurnoverRate
W,-6.7,TurnoverRate
L,-6.3,TurnoverRate
W,-4.3,TurnoverRate
W,-15,TurnoverRate
W,-1.4,TurnoverRate
L,-15,TurnoverRate
W,-12.7,TurnoverRate
L,-5.7,TurnoverRate
L,-8.7,TurnoverRate
W,-18.8,TurnoverRate
W,-4.1,TurnoverRate
W,0,TurnoverRate
W,13,TurnoverRate
L,-8,TurnoverRate
W,-1.4,TurnoverRate
W,4.5,TurnoverRate
W,-2.9,TurnoverRate
L,3.1,TurnoverRate
W,2.8,TurnoverRate
W,7,TurnoverRate
W,3.9,TurnoverRate
W,-3.2,TurnoverRate
W,-2.5,TurnoverRate
W,2.9,TurnoverRate
W,-10.9,TurnoverRate
W,4.9,TurnoverRate
W,-6.1,TurnoverRate
L,-5.7,TurnoverRate
W,0,TurnoverRate
W,1.4,TurnoverRate
W,6.7,TurnoverRate
W,-8.1,TurnoverRate
W,1.6,TurnoverRate
W,9.5,TurnoverRate
W,0,TurnoverRate
W,14.3,TurnoverRate
L,-10.9,TurnoverRate
W,18.9,TurnoverRate
W,5.8,TurnoverRate
W,0,TurnoverRate
W,-1.2,TurnoverRate
W,-5.2,TurnoverRate
L,-1.2,TurnoverRate
W,0,TurnoverRate
W,-7.7,TurnoverRate
W,9.6,TurnoverRate
W,14.2,TurnoverRate
W,-2.4,TurnoverRate
W,11.7,TurnoverRate
W,-4.1,TurnoverRate
W,5.5,TurnoverRate
W,-5.1,TurnoverRate
W,-4.1,TurnoverRate
W,9.4,TurnoverRate
W,13.3,TurnoverRate
W,-2.5,TurnoverRate
W,19.7,TurnoverRate
L,4.2,TurnoverRate
L,-1.4,TurnoverRate
W,5,TurnoverRate
L,0,TurnoverRate
L,-5.8,TurnoverRate
W,19.3,TurnoverRate
W,-15.7,TurnoverRate
L,1.4,TurnoverRate
W,-4.1,TurnoverRate
W,-14.4,TurnoverRate
L,9.1,TurnoverRate
W,-3.2,TurnoverRate
L,-3.7,TurnoverRate
L,7.3,TurnoverRate
W,3,TurnoverRate
W,10.6,TurnoverRate
L,5.2,TurnoverRate
W,7.4,TurnoverRate
L,7.4,TurnoverRate
W,11.1,TurnoverRate
W,0,TurnoverRate
L,-12,TurnoverRate
W,16.8,TurnoverRate
W,7,TurnoverRate
L,1,TurnoverRate
W,4.2,TurnoverRate
W,7.6,TurnoverRate
W,1.3,TurnoverRate
W,5.1,TurnoverRate
W,15.3,TurnoverRate
W,9.1,TurnoverRate
L,1,Rebounding
L,9.7,Rebounding
W,17.5,Rebounding
W,26.9,Rebounding
W,1,Rebounding
L,24,Rebounding
W,19.7,Rebounding
L,6.6,Rebounding
W,11.5,Rebounding
W,20,Rebounding
L,12.9,Rebounding
W,10.6,Rebounding
L,11.2,Rebounding
W,11.4,Rebounding
W,18.9,Rebounding
W,1.5,Rebounding
L,2.2,Rebounding
W,23.9,Rebounding
W,6.2,Rebounding
W,36.7,Rebounding
L,23.4,Rebounding
L,14.2,Rebounding
W,-2.9,Rebounding
W,17.9,Rebounding
L,8.1,Rebounding
L,24.4,Rebounding
W,29.3,Rebounding
W,18.9,Rebounding
W,19.5,Rebounding
L,7,Rebounding
W,15,Rebounding
L,6.8,Rebounding
W,-0.4,Rebounding
W,12.8,Rebounding
W,14.2,Rebounding
L,-13.9,Rebounding
L,20.5,Rebounding
L,7,Rebounding
L,7.1,Rebounding
L,4.8,Rebounding
L,1.1,Rebounding
L,15.2,Rebounding
W,13,Rebounding
W,28.4,Rebounding
L,-1.6,Rebounding
L,14.1,Rebounding
L,0,Rebounding
L,23.7,Rebounding
L,7,Rebounding
W,28.3,Rebounding
W,-4.8,Rebounding
L,20,Rebounding
L,21.4,Rebounding
L,-7.9,Rebounding
L,-13.5,Rebounding
W,8.8,Rebounding
L,8.8,Rebounding
W,32.2,Rebounding
W,35.8,Rebounding
W,26.5,Rebounding
W,7.8,Rebounding
W,20,Rebounding
L,7.2,Rebounding
W,28.9,Rebounding
W,39.6,Rebounding
L,9.3,Rebounding
W,9.1,Rebounding
W,-1.6,Rebounding
W,26.8,Rebounding
W,11,Rebounding
W,29.2,Rebounding
W,18.3,Rebounding
W,-0.2,Rebounding
W,-4.2,Rebounding
L,28,Rebounding
W,-9,Rebounding
W,17.8,Rebounding
W,23.5,Rebounding
W,4.2,Rebounding
W,2.6,Rebounding
W,23.9,Rebounding
W,17.2,Rebounding
L,-7,Rebounding
W,16.5,Rebounding
W,4.2,Rebounding
W,7.3,Rebounding
W,9.8,Rebounding
L,-16.5,Rebounding
W,31.5,Rebounding
W,15,Rebounding
L,24.7,Rebounding
W,-3.5,Rebounding
L,13.8,Rebounding
W,4.3,Rebounding
W,34.5,Rebounding
W,9.5,Rebounding
W,31.6,Rebounding
W,9.2,Rebounding
L,-3.3,Rebounding
W,16.4,Rebounding
L,5.1,Rebounding
W,2.7,Rebounding
W,11.5,Rebounding
W,4.5,Rebounding
L,-3.9,Rebounding
L,8.3,Rebounding
W,7.1,Rebounding
W,15.8,Rebounding
W,13.7,Rebounding
W,25.7,Rebounding
W,11.1,Rebounding
W,22.3,Rebounding
L,2.5,Rebounding
L,13.4,Rebounding
L,-0.8,Rebounding
W,31.8,Rebounding
W,-3.3,Rebounding
W,-11.3,Rebounding
W,41.9,Rebounding
L,18.4,Rebounding
L,12,Rebounding
W,21.5,Rebounding
W,19.9,Rebounding
L,5.6,Rebounding
W,5.6,Rebounding
W,27,Rebounding
W,14.6,Rebounding
W,39.7,Rebounding
W,3.2,Rebounding
L,-11.7,Rebounding
W,14,Rebounding
W,18.8,Rebounding
W,10.7,Rebounding
W,24.8,Rebounding
W,9,Rebounding
W,1,Rebounding
W,3.8,Rebounding
W,9.9,Rebounding
W,13.5,Rebounding
W,20,Rebounding
W,33.8,Rebounding
L,25.7,Rebounding
W,4.4,Rebounding
W,8.5,Rebounding
L,-0.5,Rebounding
W,28.5,Rebounding
W,17.9,Rebounding
W,19.5,Rebounding
W,24.8,Rebounding
L,-0.7,Rebounding
W,28,Rebounding
W,19.6,Rebounding
L,-2.8,Rebounding
W,37.1,Rebounding
W,16.2,Rebounding
W,31.2,Rebounding
W,25.2,Rebounding
W,6.5,Rebounding
W,16.2,Rebounding
W,24.8,Rebounding
L,15.4,Rebounding
W,21.7,Rebounding
W,25.6,Rebounding
L,-8.1,Rebounding
W,19.9,Rebounding
W,14.3,Rebounding
W,23.9,Rebounding
L,5.9,Rebounding
W,12.7,Rebounding
W,14.8,Rebounding
W,35.4,Rebounding
W,33.7,Rebounding
W,12.1,Rebounding
W,22.3,Rebounding
W,12.8,Rebounding
L,34.1,Rebounding
W,14.4,Rebounding
W,35.7,Rebounding
W,6.4,Rebounding
W,22.7,Rebounding
W,-0.4,Rebounding
W,-21,Rebounding
W,25.3,Rebounding
W,3.1,Rebounding
W,38.4,Rebounding
W,9.9,Rebounding
L,3.3,Rebounding
W,7.7,Rebounding
W,21.8,Rebounding
L,15.7,Rebounding
W,-36.1,Rebounding
W,-2,Rebounding
L,-0.6,Rebounding
L,-1.4,Rebounding
W,20.4,Rebounding
W,24.9,Rebounding
W,1.9,Rebounding
W,1.2,Rebounding
W,-5.5,Rebounding
W,19.4,Rebounding
W,8.9,Rebounding
W,13.1,Rebounding
W,30.2,Rebounding
W,20.6,Rebounding
W,-4.9,Rebounding
W,13.9,Rebounding
L,-24.3,Rebounding
W,22.6,Rebounding
W,5.7,Rebounding
W,13.1,Rebounding
W,21.8,Rebounding
L,11.1,Rebounding
W,21.6,Rebounding
W,4.2,Rebounding
W,18.6,Rebounding
L,-10.6,Rebounding
W,2.8,Rebounding
W,11.8,Rebounding
L,7.1,Rebounding
W,6.1,Rebounding
W,-4.6,Rebounding
W,26.4,Rebounding
L,-2.1,Rebounding
W,-3.1,Rebounding
W,17.1,Rebounding
L,-4.3,Rebounding
W,1.2,Rebounding
L,6.3,Rebounding
L,12.4,Rebounding
W,21,Rebounding
L,10.9,Rebounding
L,-6.4,Rebounding
W,14.9,Rebounding
W,1.9,Rebounding
W,-5.9,Rebounding
W,36.3,Rebounding
W,-10.8,Rebounding
W,16.6,Rebounding
L,29.8,Rebounding
W,21.1,Rebounding
W,18.5,Rebounding
W,11.4,Rebounding
W,12.3,Rebounding
W,31.2,Rebounding
L,12.3,Rebounding
W,21.9,Rebounding
L,5.4,Rebounding
W,0.9,Rebounding
W,1.9,Rebounding
L,-19.4,Rebounding
W,7.9,Rebounding
W,21.7,Rebounding
W,20.7,Rebounding
L,1.9,Rebounding
W,23.2,Rebounding
L,-7.1,Rebounding
L,-28.3,Rebounding
W,11.4,Rebounding
W,4.8,Rebounding
W,8.8,Rebounding
W,18.1,Rebounding
W,15.9,Rebounding
W,12.6,Rebounding
W,-0.5,Rebounding
W,9.3,Rebounding
W,9.8,Rebounding
W,19.2,Rebounding
W,16.7,Rebounding
W,7.3,Rebounding
L,2.6,Rebounding
W,-4.3,Rebounding
L,-11.1,Rebounding
L,11.8,Rebounding
L,26.4,Rebounding
W,20.4,Rebounding
W,4,Rebounding
W,5.1,Rebounding
L,-9.9,Rebounding
W,-15.2,Rebounding
W,26.7,Rebounding
W,10.7,Rebounding
L,-18.5,Rebounding
W,2.3,Rebounding
W,10.3,Rebounding
L,25.5,Rebounding
W,0.6,Rebounding
W,22.3,Rebounding
L,-11.5,Rebounding
W,-19.1,Rebounding
L,-10.6,Rebounding
W,-7.5,Rebounding
W,6.4,Rebounding
L,3,Rebounding
W,-3.8,Rebounding
W,-6.4,Rebounding
W,-14.7,Rebounding
W,-11.2,Rebounding
W,-4.6,Rebounding
W,22.4,Rebounding
L,2.5,Rebounding
L,-5.8,Rebounding
W,7.9,Rebounding
W,17.9,Rebounding
W,18,Rebounding
L,-11.2,Rebounding
W,-6.4,Rebounding
W,3.2,Rebounding
W,38,Rebounding
L,4,Rebounding
L,7.3,Rebounding
W,-7.5,Rebounding
W,19.8,Rebounding
L,1.7,Rebounding
W,2.8,Rebounding
W,4.6,Rebounding
W,7.8,Rebounding
L,-5.7,Rebounding
W,9.5,Rebounding
L,-11.7,Rebounding
W,3.3,Rebounding
W,18.7,Rebounding
W,22.2,Rebounding
W,23.2,Rebounding
L,-7.8,Rebounding
W,34.3,Rebounding
W,8.3,Rebounding
W,-5.5,Rebounding
L,21.1,Rebounding
W,-2.8,Rebounding
W,5.6,Rebounding
W,19.4,Rebounding
W,2.7,Rebounding
W,21.1,Rebounding
W,-5,Rebounding
W,19.2,Rebounding
W,7.2,Rebounding
W,27.3,Rebounding
L,8.7,Rebounding
W,9.7,Rebounding
W,19,Rebounding
W,2.1,Rebounding
W,27.5,Rebounding
W,27.2,Rebounding
L,-8.4,Rebounding
W,25.3,Rebounding
W,14.4,Rebounding
W,31.4,Rebounding
W,28.7,Rebounding
W,17.8,Rebounding
W,36,Rebounding
W,7.7,Rebounding
W,-7.8,Rebounding
W,32.4,Rebounding
L,-2.4,Rebounding
W,9.5,Rebounding
L,-9.9,Rebounding
W,-6.9,Rebounding
W,12.9,Rebounding
W,24,Rebounding
W,11.7,Rebounding
W,-23.8,Rebounding
L,4.6,Rebounding
W,6.7,Rebounding
W,-2.8,Rebounding
W,8.6,Rebounding
L,13.9,Rebounding
W,4.7,Rebounding
W,6.9,Rebounding
W,4.8,Rebounding
W,12.4,Rebounding
W,8.1,Rebounding
W,16.6,Rebounding
W,18.2,Rebounding
W,19.5,Rebounding
W,-14.3,Rebounding
L,4.4,Rebounding
W,5.9,Rebounding
W,-5.6,Rebounding
W,15.5,Rebounding
W,5.9,Rebounding
W,-2.7,Rebounding
L,1.8,Rebounding
W,22,Rebounding
W,13.7,Rebounding
W,11.6,Rebounding
W,16.1,Rebounding
W,9.3,Rebounding
L,-5.4,Rebounding
W,-6.2,Rebounding
W,4.8,Rebounding
W,4.8,Rebounding
L,-0.1,Rebounding
W,-0.8,Rebounding
W,22,Rebounding
L,4,Rebounding
L,-3.9,Rebounding
W,26,Rebounding
W,6.8,Rebounding
L,-7.1,Rebounding
W,15.3,Rebounding
W,2.3,Rebounding
W,13.4,Rebounding
W,4.4,Rebounding
L,12.8,Rebounding
L,-13.2,Rebounding
W,24.6,Rebounding
W,1.5,Rebounding
L,-6.4,Rebounding
L,10,Rebounding
L,-3.5,Rebounding
W,17.4,Rebounding
L,-12.4,Rebounding
L,4.3,Rebounding
L,2.8,Rebounding
L,13.4,Rebounding
W,7.9,Rebounding
L,-1.2,Rebounding
L,5.5,Rebounding
L,15.2,Rebounding
W,-1.4,Rebounding
L,21.8,Rebounding
W,3.8,Rebounding
W,13,Rebounding
W,19.9,Rebounding
L,-22.3,Rebounding
W,28.6,Rebounding
L,1.6,Rebounding
W,-4,Rebounding
W,4.6,Rebounding
W,19.3,Rebounding
L,7.9,Rebounding
W,-9.1,Rebounding
W,25.2,Rebounding
W,27.4,Rebounding
W,14,Rebounding
W,-9.6,Rebounding
W,-6.7,Rebounding
W,-12.4,Rebounding
W,15.1,Rebounding
W,-4.3,Rebounding
W,8,Rebounding
L,-2,Rebounding
W,15.1,Rebounding
W,21.9,Rebounding
W,0.4,Rebounding
W,14.7,Rebounding
L,13.3,Rebounding
W,7.6,Rebounding
W,4.2,Rebounding
W,3.9,Rebounding
W,14.4,Rebounding
W,-0.3,Rebounding
W,7.4,Rebounding
W,11.4,Rebounding
W,0.6,Rebounding
W,-4,Rebounding
W,4.5,Rebounding
L,18.8,Rebounding
W,18,Rebounding
L,10,Rebounding
W,-3.4,Rebounding
W,20.7,Rebounding
W,11.5,Rebounding
W,13.7,Rebounding
W,-9.6,Rebounding
W,3.5,Rebounding
W,9,Rebounding
W,7.3,Rebounding
W,21,Rebounding
W,5.4,Rebounding
W,20.6,Rebounding
W,6.4,Rebounding
W,14,Rebounding
L,-5.5,Rebounding
W,9.4,Rebounding
W,14.7,Rebounding
W,5.8,Rebounding
W,35,Rebounding
W,17.5,Rebounding
W,12.5,Rebounding
W,-0.6,Rebounding
W,8.6,Rebounding
W,19.3,Rebounding
W,6.9,Rebounding
W,18.4,Rebounding
W,11.1,Rebounding
W,35.1,Rebounding
W,2.9,Rebounding
W,1.5,Rebounding
L,14.8,Rebounding
W,33.1,Rebounding
W,21.5,Rebounding
W,11.7,Rebounding
L,15.5,Rebounding
W,1.7,Rebounding
W,17.2,Rebounding
W,18.1,Rebounding
W,2.4,Rebounding
W,13.8,Rebounding
W,24.1,Rebounding
W,11.5,Rebounding
W,29.6,Rebounding
W,14.5,Rebounding
W,13.8,Rebounding
W,34.6,Rebounding
W,15.5,Rebounding
W,12.4,Rebounding
W,-4.4,Rebounding
W,-13.4,Rebounding
W,14.1,Rebounding
W,38,Rebounding
W,2.1,Rebounding
L,11,Rebounding
W,11.7,Rebounding
W,14,Rebounding
W,35,Rebounding
W,-5.9,Rebounding
W,19.5,Rebounding
W,2.8,Rebounding
W,0.8,Rebounding
L,-8.9,Rebounding
L,-14.4,Rebounding
W,30.4,Rebounding
W,12.2,Rebounding
L,-0.4,Rebounding
W,8.2,Rebounding
W,1.4,Rebounding
L,-4.8,Rebounding
W,28.4,Rebounding
W,-1.5,Rebounding
W,-7,Rebounding
W,0.4,Rebounding
W,3.9,Rebounding
L,19.3,Rebounding
W,18.9,Rebounding
W,13.6,Rebounding
W,5.4,Rebounding
W,12.3,Rebounding
W,10.4,Rebounding
W,15.9,Rebounding
W,10.5,Rebounding
W,20.7,Rebounding
W,24.7,Rebounding
W,-4,Rebounding
W,21,Rebounding
W,24.9,Rebounding
L,5.1,Rebounding
W,45.4,Rebounding
W,1.9,Rebounding
W,1.4,Rebounding
L,4.1,Rebounding
W,2.9,Rebounding
L,-7.6,Rebounding
W,0,Rebounding
W,6.7,Rebounding
W,15.7,Rebounding
W,8.1,Rebounding
W,25,Rebounding
W,-1.8,Rebounding
W,16.2,Rebounding
W,20,Rebounding
L,31.2,Rebounding
W,13.2,Rebounding
W,11.6,Rebounding
W,8.1,Rebounding
L,6.6,Rebounding
W,7.2,Rebounding
L,13.5,Rebounding
L,-13.9,Rebounding
W,16.5,Rebounding
W,0.4,Rebounding
W,22.9,Rebounding
W,11.8,Rebounding
L,7.7,Rebounding
W,6.6,Rebounding
W,0.3,Rebounding
W,12.9,Rebounding
L,2.2,Rebounding
W,23.8,Rebounding
W,36.8,Rebounding
W,3.7,Rebounding
W,-12.8,Rebounding
W,5,Rebounding
W,6.4,Rebounding
W,6.9,Rebounding
W,-0.8,Rebounding
W,26.5,Rebounding
L,-7.5,Rebounding
W,6.5,Rebounding
W,24.6,Rebounding
W,4.8,Rebounding
W,8.4,Rebounding
W,16.6,Rebounding
W,2.9,Rebounding
W,16.9,Rebounding
W,-11.8,Rebounding
L,21.9,Rebounding
W,14.1,Rebounding
W,-6.2,Rebounding
W,20.5,Rebounding
W,11.9,Rebounding
W,8.2,Rebounding
L,0.5,Rebounding
W,22.4,Rebounding
W,20.4,Rebounding
W,20.9,Rebounding
W,18.9,Rebounding
W,4.4,Rebounding
W,0.5,Rebounding
W,6.3,Rebounding
W,26.6,Rebounding
W,24.1,Rebounding
W,-0.6,Rebounding
W,-3.5,Rebounding
W,1.8,Rebounding
W,0.5,Rebounding
W,-1.2,Rebounding
L,-3.7,Rebounding
L,6.3,Rebounding
W,33,Rebounding
L,13.9,Rebounding
L,19.3,Rebounding
W,-6,Rebounding
W,0.3,Rebounding
L,-11.5,Rebounding
W,29.3,Rebounding
W,11.7,Rebounding
L,5.8,Rebounding
W,6.1,Rebounding
L,8.7,Rebounding
L,-9.8,Rebounding
W,16.9,Rebounding
W,18.9,Rebounding
L,-10.3,Rebounding
W,-9.2,Rebounding
L,0.3,Rebounding
W,-1.3,Rebounding
W,21.7,Rebounding
L,-2.1,Rebounding
W,-2.9,Rebounding
W,12.8,Rebounding
L,-2.6,Rebounding
W,16.3,Rebounding
W,16.2,Rebounding
W,-4.7,Rebounding
W,15.6,Rebounding
W,-2.4,Rebounding
W,-3.4,Rebounding
L,-4.3,FTRate
L,-4.7,FTRate
W,16.2,FTRate
W,-6.1,FTRate
W,23.2,FTRate
L,11.2,FTRate
W,20.1,FTRate
L,1,FTRate
W,8.2,FTRate
W,-0.7,FTRate
L,-18.9,FTRate
W,24,FTRate
L,26.6,FTRate
W,-8,FTRate
W,6.8,FTRate
W,14.7,FTRate
L,-31.4,FTRate
W,11.5,FTRate
W,1.2,FTRate
W,9.4,FTRate
L,-6.4,FTRate
L,-6.9,FTRate
W,-9.1,FTRate
W,48.2,FTRate
L,12.4,FTRate
L,31.9,FTRate
W,-1,FTRate
W,29.1,FTRate
W,17.1,FTRate
L,-25,FTRate
W,26.9,FTRate
L,-34.1,FTRate
W,8,FTRate
W,-3.6,FTRate
W,29.8,FTRate
L,-3.2,FTRate
L,-5.8,FTRate
L,13.2,FTRate
L,-15.3,FTRate
L,12.6,FTRate
L,-5.9,FTRate
L,20.4,FTRate
W,33.3,FTRate
W,-22.3,FTRate
L,-1.1,FTRate
L,-15.9,FTRate
L,10.9,FTRate
L,-14.4,FTRate
L,3.6,FTRate
W,-16.8,FTRate
W,33.1,FTRate
L,-12.3,FTRate
L,22.7,FTRate
L,-3.2,FTRate
L,-5.8,FTRate
W,5.3,FTRate
L,14.9,FTRate
W,16.4,FTRate
W,19.5,FTRate
W,12.3,FTRate
W,26.4,FTRate
W,7.7,FTRate
L,8.1,FTRate
W,-0.8,FTRate
W,-7.3,FTRate
L,0.6,FTRate
W,20.2,FTRate
W,-5.7,FTRate
W,2.8,FTRate
W,-0.5,FTRate
W,21.4,FTRate
W,13.9,FTRate
W,-7.7,FTRate
W,-1.4,FTRate
L,-29.2,FTRate
W,15.5,FTRate
W,23.7,FTRate
W,13,FTRate
W,-3.7,FTRate
W,-0.8,FTRate
W,-9.4,FTRate
W,6.5,FTRate
L,-1.6,FTRate
W,17.3,FTRate
W,-28.6,FTRate
W,11.4,FTRate
W,29.4,FTRate
L,-8.5,FTRate
W,2.6,FTRate
W,3.4,FTRate
L,-22.9,FTRate
W,-0.3,FTRate
L,-19.1,FTRate
W,1.2,FTRate
W,14.8,FTRate
W,7.2,FTRate
W,-16.5,FTRate
W,7.9,FTRate
L,-26,FTRate
W,6.6,FTRate
L,-9.3,FTRate
W,-21.5,FTRate
W,13.8,FTRate
W,26.9,FTRate
L,-25.2,FTRate
L,14.1,FTRate
W,-6.2,FTRate
W,-22,FTRate
W,-6.4,FTRate
W,-11.4,FTRate
W,-2.5,FTRate
W,-0.7,FTRate
L,-21.7,FTRate
L,4.1,FTRate
L,-11.2,FTRate
W,26.4,FTRate
W,9.6,FTRate
W,5.2,FTRate
W,-9.5,FTRate
L,3.4,FTRate
L,-26.9,FTRate
W,1.1,FTRate
W,11.7,FTRate
L,41,FTRate
W,3,FTRate
W,23.5,FTRate
W,26.8,FTRate
W,18.2,FTRate
W,9.1,FTRate
L,15.7,FTRate
W,22.2,FTRate
W,11.9,FTRate
W,-29.4,FTRate
W,21.4,FTRate
W,6.6,FTRate
W,-8.5,FTRate
W,-8.6,FTRate
W,15.6,FTRate
W,24,FTRate
W,26.4,FTRate
W,8,FTRate
L,-50.9,FTRate
W,3.8,FTRate
W,-33.5,FTRate
L,1,FTRate
W,-41.9,FTRate
W,25.5,FTRate
W,-10.1,FTRate
W,-35.4,FTRate
L,1.4,FTRate
W,10.2,FTRate
W,23.5,FTRate
L,-21.9,FTRate
W,-23,FTRate
W,35,FTRate
W,10.2,FTRate
W,11.9,FTRate
W,-5.6,FTRate
W,14.1,FTRate
W,-12.5,FTRate
L,-42.9,FTRate
W,26.8,FTRate
W,7.9,FTRate
L,14,FTRate
W,5.1,FTRate
W,20.1,FTRate
W,28.5,FTRate
L,-15.8,FTRate
W,2.9,FTRate
W,13.4,FTRate
W,29,FTRate
W,4.1,FTRate
W,29.5,FTRate
W,31.4,FTRate
W,9.8,FTRate
L,-14.8,FTRate
W,-2.8,FTRate
W,17.5,FTRate
W,10.6,FTRate
W,-4.8,FTRate
W,-15.4,FTRate
W,22.9,FTRate
W,-6.5,FTRate
W,-14.2,FTRate
W,9.1,FTRate
W,-13.2,FTRate
L,-12.4,FTRate
W,-4,FTRate
W,-26,FTRate
L,-3.2,FTRate
W,8.4,FTRate
W,-4.7,FTRate
L,-22,FTRate
L,15,FTRate
W,17.4,FTRate
W,-30.2,FTRate
W,16.7,FTRate
W,10.6,FTRate
W,13.7,FTRate
W,-7.9,FTRate
W,19.4,FTRate
W,-27.2,FTRate
W,14.6,FTRate
W,16.2,FTRate
W,-1.1,FTRate
W,7,FTRate
L,18.9,FTRate
W,3.3,FTRate
W,21.7,FTRate
W,1.7,FTRate
W,-5.9,FTRate
L,-10.9,FTRate
W,21.8,FTRate
W,25.4,FTRate
W,6.9,FTRate
L,-9,FTRate
W,20.2,FTRate
W,-9.9,FTRate
L,-56.1,FTRate
W,25.8,FTRate
W,-3,FTRate
W,-16.9,FTRate
L,-21.7,FTRate
W,-15.6,FTRate
W,10,FTRate
L,-11.7,FTRate
W,-10.3,FTRate
L,-23.6,FTRate
L,16.2,FTRate
W,19,FTRate
L,-8.9,FTRate
L,-34.4,FTRate
W,19.8,FTRate
W,18.8,FTRate
W,-5.4,FTRate
W,8,FTRate
W,9.3,FTRate
W,-2.2,FTRate
L,0.5,FTRate
W,-12.6,FTRate
W,-7.6,FTRate
W,4.2,FTRate
W,25.8,FTRate
W,-8.7,FTRate
L,-44.6,FTRate
W,1.8,FTRate
L,-18.6,FTRate
W,23.1,FTRate
W,-46.6,FTRate
L,15.8,FTRate
W,23,FTRate
W,27.8,FTRate
W,-2.6,FTRate
L,-10.4,FTRate
W,-21.3,FTRate
L,-26.3,FTRate
L,-17.9,FTRate
W,17.6,FTRate
W,-14,FTRate
W,-3,FTRate
W,7.5,FTRate
W,37.3,FTRate
W,-17.1,FTRate
W,5.1,FTRate
W,16.2,FTRate
W,36.8,FTRate
W,8.4,FTRate
W,-10.8,FTRate
W,-13.3,FTRate
L,-34.6,FTRate
W,0.3,FTRate
L,-7.4,FTRate
L,-21.2,FTRate
L,-46.4,FTRate
W,4.8,FTRate
W,36.6,FTRate
W,40.5,FTRate
L,26.5,FTRate
W,0.8,FTRate
W,12.9,FTRate
W,13.4,FTRate
L,-27.7,FTRate
W,27.1,FTRate
W,9.3,FTRate
L,41.3,FTRate
W,-21,FTRate
W,3.7,FTRate
L,-24.5,FTRate
W,24,FTRate
L,-15.6,FTRate
W,0,FTRate
W,-16.2,FTRate
L,-3.5,FTRate
W,19.8,FTRate
W,5,FTRate
W,8.3,FTRate
W,3.7,FTRate
W,6.8,FTRate
W,30.1,FTRate
L,-0.8,FTRate
L,-11.9,FTRate
W,9.4,FTRate
W,26.1,FTRate
W,1.9,FTRate
L,-21.3,FTRate
W,23.4,FTRate
W,1.3,FTRate
W,-7.3,FTRate
L,-11.2,FTRate
L,-3.4,FTRate
W,24.4,FTRate
W,3.7,FTRate
L,12.7,FTRate
W,-4.5,FTRate
W,-9.8,FTRate
W,15.5,FTRate
L,4.1,FTRate
W,15,FTRate
L,-28.1,FTRate
W,-20.2,FTRate
W,-2.7,FTRate
W,3.6,FTRate
W,1.4,FTRate
L,-19.3,FTRate
W,25.6,FTRate
W,11.6,FTRate
W,24.2,FTRate
L,14.2,FTRate
W,9.7,FTRate
W,8.7,FTRate
W,-10.6,FTRate
W,13.2,FTRate
W,35.1,FTRate
W,9.2,FTRate
W,-20.6,FTRate
W,21.3,FTRate
W,16.1,FTRate
L,5.7,FTRate
W,-7.2,FTRate
W,-11.5,FTRate
W,24.8,FTRate
W,4.5,FTRate
W,23,FTRate
L,-4.8,FTRate
W,2.1,FTRate
W,16,FTRate
W,36.6,FTRate
W,23.7,FTRate
W,36.2,FTRate
W,39.6,FTRate
W,25,FTRate
W,3.3,FTRate
W,48.5,FTRate
L,-5.3,FTRate
W,43.9,FTRate
L,24.6,FTRate
W,23,FTRate
W,17.2,FTRate
W,21.1,FTRate
W,26.7,FTRate
W,27,FTRate
L,-4.4,FTRate
W,-3.4,FTRate
W,25.2,FTRate
W,33.3,FTRate
L,8,FTRate
W,30.6,FTRate
W,5,FTRate
W,-2.2,FTRate
W,11,FTRate
W,2.8,FTRate
W,11.9,FTRate
W,-12.9,FTRate
W,23,FTRate
W,32.5,FTRate
L,-1.4,FTRate
W,4.4,FTRate
W,-1.5,FTRate
W,5.5,FTRate
W,6.6,FTRate
W,29,FTRate
L,36.7,FTRate
W,-1.3,FTRate
W,26.5,FTRate
W,24.5,FTRate
W,1.9,FTRate
W,9.4,FTRate
L,2.4,FTRate
W,16.6,FTRate
W,51.7,FTRate
W,29.9,FTRate
L,15,FTRate
W,28.1,FTRate
W,35.7,FTRate
L,-7.5,FTRate
L,-17.9,FTRate
W,14.4,FTRate
W,12.7,FTRate
L,-0.8,FTRate
W,-7.2,FTRate
W,-12.3,FTRate
W,-21,FTRate
W,39.1,FTRate
L,-8.3,FTRate
L,13.8,FTRate
W,22.2,FTRate
W,18.4,FTRate
L,24.4,FTRate
L,18.1,FTRate
L,-2.2,FTRate
W,17.9,FTRate
L,1.5,FTRate
L,12.8,FTRate
L,23.8,FTRate
L,4.7,FTRate
W,20,FTRate
L,-8.9,FTRate
L,18.3,FTRate
L,-16.4,FTRate
W,15.4,FTRate
L,40,FTRate
W,20.6,FTRate
W,46.4,FTRate
W,35.8,FTRate
L,-13.8,FTRate
W,18.2,FTRate
L,-21.3,FTRate
W,32.4,FTRate
W,27.3,FTRate
W,39.9,FTRate
L,26.6,FTRate
W,11.1,FTRate
W,36,FTRate
W,-0.5,FTRate
W,6.1,FTRate
W,12.9,FTRate
W,39.5,FTRate
W,1.8,FTRate
W,0,FTRate
W,21.1,FTRate
W,11.1,FTRate
L,22.8,FTRate
W,15.9,FTRate
W,-6.8,FTRate
W,26.9,FTRate
W,27.5,FTRate
L,11.4,FTRate
W,11.6,FTRate
W,9,FTRate
W,24.3,FTRate
W,14.3,FTRate
W,10.6,FTRate
W,12.9,FTRate
W,15.8,FTRate
W,13,FTRate
W,12.4,FTRate
W,32.8,FTRate
L,-12.5,FTRate
W,8.2,FTRate
L,14.1,FTRate
W,7.7,FTRate
W,19.2,FTRate
W,-3.3,FTRate
W,17.7,FTRate
W,25.9,FTRate
W,9.1,FTRate
W,2.3,FTRate
W,15.9,FTRate
W,22,FTRate
W,-5.2,FTRate
W,28.9,FTRate
W,-16.5,FTRate
W,26.7,FTRate
L,0.5,FTRate
W,7.1,FTRate
W,6.5,FTRate
W,-12.9,FTRate
W,13.7,FTRate
W,-2.9,FTRate
W,-2.8,FTRate
W,20.3,FTRate
W,4,FTRate
W,11.2,FTRate
W,1.5,FTRate
W,39.7,FTRate
W,-11.1,FTRate
W,-6.6,FTRate
W,5.4,FTRate
W,41.4,FTRate
L,2.6,FTRate
W,32.7,FTRate
W,4.6,FTRate
W,7.4,FTRate
L,-12.2,FTRate
W,27.6,FTRate
W,-0.3,FTRate
W,9.6,FTRate
W,7.5,FTRate
W,23.5,FTRate
W,15.4,FTRate
W,19.5,FTRate
W,26.1,FTRate
W,41.8,FTRate
W,-13.8,FTRate
W,10.9,FTRate
W,17.8,FTRate
W,6.8,FTRate
W,36.4,FTRate
W,13.2,FTRate
W,19.6,FTRate
W,36,FTRate
W,31.5,FTRate
L,20.6,FTRate
W,7.3,FTRate
W,36.1,FTRate
W,9.1,FTRate
W,10.2,FTRate
W,-14.6,FTRate
W,12.6,FTRate
W,18.5,FTRate
L,53.3,FTRate
L,-16.7,FTRate
W,1.5,FTRate
W,-1.9,FTRate
L,14.7,FTRate
W,23.9,FTRate
W,-0.7,FTRate
L,-42.1,FTRate
W,14.8,FTRate
W,-37.1,FTRate
W,13.7,FTRate
W,32.4,FTRate
W,0.4,FTRate
L,-27,FTRate
W,43.5,FTRate
W,-0.5,FTRate
W,12.8,FTRate
W,7.3,FTRate
W,12.8,FTRate
W,9.4,FTRate
W,34,FTRate
W,-17.1,FTRate
W,47.7,FTRate
W,1.3,FTRate
W,33.1,FTRate
W,8.6,FTRate
L,23.1,FTRate
W,39.6,FTRate
W,32.5,FTRate
W,24.5,FTRate
L,-26.6,FTRate
W,33.6,FTRate
L,-4.6,FTRate
W,19.8,FTRate
W,12.4,FTRate
W,30.6,FTRate
W,-5.2,FTRate
W,-19.6,FTRate
W,42.8,FTRate
W,26.6,FTRate
W,-9.6,FTRate
L,2.6,FTRate
W,43.7,FTRate
W,3.8,FTRate
W,13,FTRate
L,10.1,FTRate
W,-15.2,FTRate
L,-29.7,FTRate
L,-16.7,FTRate
W,11.3,FTRate
W,36.7,FTRate
W,27.6,FTRate
W,32,FTRate
L,20.2,FTRate
W,41.3,FTRate
W,11.7,FTRate
W,3.1,FTRate
L,13.6,FTRate
W,25.1,FTRate
W,53,FTRate
W,20.5,FTRate
W,27.9,FTRate
W,-0.4,FTRate
W,6.8,FTRate
W,18.9,FTRate
W,34.5,FTRate
W,1.8,FTRate
L,1.3,FTRate
W,37.9,FTRate
W,4.9,FTRate
W,22.3,FTRate
W,15.6,FTRate
W,20.8,FTRate
W,12.8,FTRate
W,8.7,FTRate
W,-10.3,FTRate
L,1.1,FTRate
W,11.9,FTRate
W,13.4,FTRate
W,10.3,FTRate
W,26.3,FTRate
W,6.8,FTRate
L,-12.8,FTRate
W,-8.1,FTRate
W,-0.4,FTRate
W,28.9,FTRate
W,8.8,FTRate
W,46.4,FTRate
W,22.6,FTRate
W,24.8,FTRate
W,26.1,FTRate
W,44.9,FTRate
W,21.3,FTRate
W,37.2,FTRate
W,-20.4,FTRate
W,43.5,FTRate
W,8.7,FTRate
L,-19.9,FTRate
L,-12.6,FTRate
W,0.7,FTRate
L,4.4,FTRate
L,-4.9,FTRate
W,-10.1,FTRate
W,19.7,FTRate
L,-13.7,FTRate
W,33.4,FTRate
W,59.5,FTRate
L,-25.1,FTRate
W,-1.4,FTRate
L,-17.6,FTRate
L,-44,FTRate
W,15.6,FTRate
W,2.7,FTRate
L,-7.6,FTRate
W,19.5,FTRate
L,-25.8,FTRate
W,9.7,FTRate
W,7.7,FTRate
L,-4.3,FTRate
W,25.7,FTRate
W,3.3,FTRate
L,0,FTRate
W,32.8,FTRate
W,26.1,FTRate
W,20.4,FTRate
W,1.1,FTRate
W,28.1,FTRate
W,32.4,FTRate